{"mean": [0.7358490566037735, 121.13207244873047, 98.26415252685547, 172.41383361816406, 65.6075439453125, 53.89937210083008, 2461.138427734375, 119.2264175415039, 3.30012583732605, 3.2363522052764893, 10.161131858825684, 95.83647918701172, 5113.83642578125, 26.52201271057129, 32.08176040649414, 11445.7294921875], "std": [1.1930857247876794, 35.651283264160156, 5.167416572570801, 11.523177146911621, 1.9478830099105835, 2.268761396408081, 481.9413146972656, 30.460790634155273, 0.26733559370040894, 0.2948877215385437, 3.889474630355835, 30.718582153320312, 465.7548522949219, 6.097142219543457, 6.459188938140869, 5877.85595703125]}